﻿{"cameraMode":{"drawMode":0,"name":"Shaded","section":"Shading Mode"},"sceneLighting":false,"audioPlay":false,"sceneViewState":{"m_AlwaysRefresh":false,"showFog":true,"showSkybox":false,"showFlares":true,"showImageEffects":true,"showParticleSystems":true,"showVisualEffectGraphs":true,"m_FxEnabled":true},"in2DMode":false,"pivot":{"x":511.21002197265627,"y":252.42665100097657,"z":0.0},"rotation":{"x":0.00031283937278203666,"y":0.006862964015454054,"z":0.00007928726699901745,"w":1.0000255107879639},"size":1.7677778005599976,"orthographic":false}