﻿{"cameraMode":{"drawMode":0,"name":"Shaded","section":"Shading Mode"},"sceneLighting":false,"audioPlay":false,"sceneViewState":{"m_AlwaysRefresh":false,"showFog":true,"showSkybox":false,"showFlares":true,"showImageEffects":true,"showParticleSystems":true,"showVisualEffectGraphs":true,"m_FxEnabled":true},"in2DMode":false,"pivot":{"x":0.000009222221706295386,"y":0.0000059758085626526739,"z":-4.811699909623712e-7},"rotation":{"x":-0.04158337786793709,"y":0.06525923311710358,"z":0.0028034248389303686,"w":0.9970468282699585},"size":0.000017320508050033823,"orthographic":false}