﻿{"cameraMode":{"drawMode":0,"name":"Shaded","section":"Shading Mode"},"sceneLighting":false,"audioPlay":false,"sceneViewState":{"m_AlwaysRefresh":false,"showFog":true,"showSkybox":false,"showFlares":true,"showImageEffects":true,"showParticleSystems":true,"showVisualEffectGraphs":true,"m_FxEnabled":true},"in2DMode":false,"pivot":{"x":-0.1352296620607376,"y":3.4241745471954347,"z":0.0},"rotation":{"x":0.024312488734722139,"y":0.012235620059072972,"z":-0.00011195870320079848,"w":0.9997232556343079},"size":0.30556774139404299,"orthographic":false}