﻿{"cameraMode":{"drawMode":0,"name":"Shaded","section":"Shading Mode"},"sceneLighting":false,"audioPlay":false,"sceneViewState":{"m_AlwaysRefresh":false,"showFog":true,"showSkybox":false,"showFlares":true,"showImageEffects":true,"showParticleSystems":true,"showVisualEffectGraphs":true,"m_FxEnabled":true},"in2DMode":false,"pivot":{"x":-2.4774298667907717,"y":-0.477941632270813,"z":0.0},"rotation":{"x":-0.04822288826107979,"y":0.05276985466480255,"z":-0.002705527236685157,"w":-0.9975285530090332},"size":0.3661711513996124,"orthographic":false}