﻿{"cameraMode":{"drawMode":0,"name":"Shaded","section":"Shading Mode"},"sceneLighting":false,"audioPlay":false,"sceneViewState":{"m_AlwaysRefresh":false,"showFog":true,"showSkybox":false,"showFlares":true,"showImageEffects":true,"showParticleSystems":true,"showVisualEffectGraphs":true,"m_FxEnabled":true},"in2DMode":false,"pivot":{"x":0.0494844987988472,"y":0.8935620188713074,"z":-0.0006308555603027344},"rotation":{"x":0.00031283937278203666,"y":0.006862964015454054,"z":0.00007928726699901745,"w":1.0000255107879639},"size":1.3111830949783326,"orthographic":false}