﻿{"cameraMode":{"drawMode":0,"name":"Shaded","section":"Shading Mode"},"sceneLighting":true,"audioPlay":false,"sceneViewState":{"m_AlwaysRefresh":false,"showFog":true,"showSkybox":true,"showFlares":true,"showImageEffects":true,"showParticleSystems":true,"showVisualEffectGraphs":true,"m_FxEnabled":true},"in2DMode":false,"pivot":{"x":-9.976020812988282,"y":9.940110206604004,"z":-14.656744003295899},"rotation":{"x":-0.02063455991446972,"y":-0.9590879678726196,"z":0.27350106835365298,"w":-0.07149086892604828},"size":28.801836013793947,"orthographic":false}