﻿{"cameraMode":{"drawMode":0,"name":"Shaded","section":"Shading Mode"},"sceneLighting":true,"audioPlay":false,"sceneViewState":{"m_AlwaysRefresh":false,"showFog":true,"showSkybox":false,"showFlares":true,"showImageEffects":true,"showParticleSystems":true,"showVisualEffectGraphs":true,"m_FxEnabled":true},"in2DMode":false,"pivot":{"x":0.0001220703125,"y":22.1112003326416,"z":-8.621377944946289},"rotation":{"x":-0.039299335330724719,"y":-0.009894991293549538,"z":0.00038759736344218254,"w":-0.9991853833198547},"size":79.54794311523438,"orthographic":false}