﻿{"cameraMode":{"drawMode":0,"name":"Shaded","section":"Shading Mode"},"sceneLighting":false,"audioPlay":false,"sceneViewState":{"m_AlwaysRefresh":false,"showFog":true,"showSkybox":false,"showFlares":true,"showImageEffects":true,"showParticleSystems":true,"showVisualEffectGraphs":true,"m_FxEnabled":true},"in2DMode":false,"pivot":{"x":0.0001652240753173828,"y":0.8784214854240418,"z":0.0},"rotation":{"x":-0.010187413543462754,"y":0.0020485231652855875,"z":0.00018860012642107904,"w":1.0000320672988892},"size":1.4213205575942994,"orthographic":false}