﻿{"cameraMode":{"drawMode":0,"name":"Shaded","section":"Shading Mode"},"sceneLighting":false,"audioPlay":false,"sceneViewState":{"m_AlwaysRefresh":false,"showFog":true,"showSkybox":false,"showFlares":true,"showImageEffects":true,"showParticleSystems":true,"showVisualEffectGraphs":true,"m_FxEnabled":true},"in2DMode":false,"pivot":{"x":0.0,"y":0.2831652760505676,"z":1.1920928955078126e-7},"rotation":{"x":0.025829952210187913,"y":0.8916401863098145,"z":-0.44934165477752688,"w":0.05085340142250061},"size":1.9977980852127076,"orthographic":false}