﻿{"cameraMode":{"drawMode":0,"name":"Shaded","section":"Shading Mode"},"sceneLighting":false,"audioPlay":false,"sceneViewState":{"m_AlwaysRefresh":false,"showFog":true,"showSkybox":false,"showFlares":true,"showImageEffects":true,"showParticleSystems":true,"showVisualEffectGraphs":true,"m_FxEnabled":true},"in2DMode":false,"pivot":{"x":0.0,"y":2.630000114440918,"z":0.0},"rotation":{"x":-0.017653420567512513,"y":0.8970280885696411,"z":-0.4403274953365326,"w":-0.03637261316180229},"size":6.153989315032959,"orthographic":false}